cluster,cluster_label,count,last_update
0,años celebra fallas morrissey ruido,117,2026-03-15 06:00
1,ee guerra irán israel uu,480,2026-03-15 06:00
2,dos españa gobierno israel tras,1633,2026-03-15 06:00
3,2026 comprobar hoy marzo sábado,609,2026-03-15 06:00
4,amazon día mujer ofertas primavera,436,2026-03-15 06:00
5,000 año españa euros millones,854,2026-03-15 06:00
6,2026 así dos gobierno zaragoza,15082,2026-03-15 06:00
7,directo eeuu guerra irán israel,1335,2026-03-15 06:00
8,años cárcel después muere tras,874,2026-03-15 06:00
9,españa guerra irán sánchez trump,876,2026-03-15 06:00
10,039 años irán quot zaragoza,971,2026-03-15 06:00
11,atlético city directo madrid real,706,2026-03-15 06:00
12,fin personas policía santa semana,596,2026-03-15 06:00
13,españa guerra medio oriente sánchez,675,2026-03-15 06:00
14,2026 años españa mejor película,208,2026-03-15 06:00
